id,first_name,last_name,email
1,Ravi,Grimster,rgrimster0@phpbb.com
2,Gallard,Dennerley,gdennerley1@hao123.com
3,Adiana,Harrold,aharrold2@blogspot.com
4,Ad,MacKartan,amackartan3@sogou.com
5,Emiline,Brumen,ebrumen4@fastcompany.com
6,Blancha,Woodyer,bwoodyer5@cdc.gov
7,Ivette,Lambal,ilambal6@digg.com
8,Emory,Simonds,esimonds7@hubpages.com
9,Armstrong,Dealtry,adealtry8@auda.org.au
10,Joane,Tellenbrook,jtellenbrook9@wikispaces.com
11,Enos,Lumsdall,elumsdalla@fc2.com
12,Harwell,Stodit,hstoditb@reverbnation.com
13,Aeriell,Izkovitch,aizkovitchc@123-reg.co.uk
14,Gustaf,O' Bee,gobeed@shop-pro.jp
15,Marie-ann,Ludvigsen,mludvigsene@mayoclinic.com
16,Carrol,Shalcros,cshalcrosf@woothemes.com
17,Zaccaria,Pignon,zpignong@twitter.com
18,Gabriellia,Lysons,glysonsh@hc360.com
19,Saunder,Molineaux,smolineauxi@simplemachines.org
20,Kathryne,Caddan,kcaddanj@nifty.com
21,Lynn,Skittrall,lskittrallk@symantec.com
22,Kanya,Ramel,kramell@biglobe.ne.jp
23,Tadd,Tumulty,ttumultym@usda.gov
24,Mellie,Eliet,melietn@time.com
25,Xymenes,Strickler,xstricklero@businesswire.com
26,Mercedes,Slimming,mslimmingp@dot.gov
27,Raye,Rorke,rrorkeq@163.com
28,Livvyy,Gatherell,lgatherellr@wufoo.com
29,Lizbeth,Harrild,lharrilds@webnode.com
30,Richart,Kretschmer,rkretschmert@columbia.edu
31,Lukas,Le Brun,llebrunu@cam.ac.uk
32,Nicolais,Garroch,ngarrochv@stanford.edu
33,Shamus,Saltern,ssalternw@opera.com
34,Geralda,Whanstall,gwhanstallx@vk.com
35,Marketa,Birk,mbirky@apache.org
36,Brod,Lantaff,blantaffz@sitemeter.com
37,Judas,Hehl,jhehl10@ebay.com
38,Charlene,MacMarcuis,cmacmarcuis11@nydailynews.com
39,Shane,Schurcke,sschurcke12@ycombinator.com
40,Westbrook,Ducarne,wducarne13@cam.ac.uk
41,Francklyn,MacMychem,fmacmychem14@lycos.com
42,Sandro,Grishkov,sgrishkov15@mac.com
43,Eydie,Schneider,eschneider16@merriam-webster.com
44,Onfre,Divver,odivver17@paginegialle.it
45,Saba,Kelsey,skelsey18@360.cn
46,Carmelia,Trippack,ctrippack19@princeton.edu
47,Gertie,Kirsche,gkirsche1a@mac.com
48,Carolina,Jossum,cjossum1b@wisc.edu
49,Tammi,Jerok,tjerok1c@state.gov
50,Ravi,Bickell,rbickell1d@wordpress.org